﻿<?xml version="1.0" encoding="utf-8"?><DEFECTS><DEFECT>
    <SFA>
      <FILEPATH>C:\Users\heinrich\Downloads\cpp-20200118T025049Z-001\cpp\</FILEPATH>
      <FILENAME>BoardTest.cpp</FILENAME>
      <LINE>28</LINE>
      <COLUMN>1</COLUMN>
    </SFA>
    <DEFECTCODE>26495</DEFECTCODE>
    <DESCRIPTION>変数 'NodeBoard::nodeBoard' が初期化されていません。メンバー変数は必ず初期化してください (type.6)。</DESCRIPTION>
    <FUNCTION>NodeBoard::{ctor}</FUNCTION>
    <DECORATED>??0NodeBoard@@QAE@XZ</DECORATED>
    <FUNCLINE>28</FUNCLINE>
    <ADDITIONALINFO>
      <targetSymbol>NodeBoard::nodeBoard</targetSymbol>
    </ADDITIONALINFO>
    <PATH></PATH>
  </DEFECT><DEFECT>
    <SFA>
      <FILEPATH>C:\Users\heinrich\Downloads\cpp-20200118T025049Z-001\cpp\</FILEPATH>
      <FILENAME>BoardTest.cpp</FILENAME>
      <LINE>228</LINE>
      <COLUMN>4</COLUMN>
    </SFA>
    <DEFECTCODE>6262</DEFECTCODE>
    <DESCRIPTION>関数はスタックの '26696' バイトを使用します: /analyze:stacksize '16384' を超えています。 データの一部をヒープに移動することを考慮してください。</DESCRIPTION>
    <FUNCTION>autoBattle</FUNCTION>
    <DECORATED>?autoBattle@@YAHPAH00@Z</DECORATED>
    <FUNCLINE>228</FUNCLINE>
    <PATH></PATH>
  </DEFECT><DEFECT>
    <SFA>
      <FILEPATH>C:\Users\heinrich\Downloads\cpp-20200118T025049Z-001\cpp\</FILEPATH>
      <FILENAME>BoardTest.cpp</FILENAME>
      <LINE>337</LINE>
      <COLUMN>4</COLUMN>
    </SFA>
    <DEFECTCODE>6262</DEFECTCODE>
    <DESCRIPTION>関数はスタックの '53792' バイトを使用します: /analyze:stacksize '16384' を超えています。 データの一部をヒープに移動することを考慮してください。</DESCRIPTION>
    <FUNCTION>mcts</FUNCTION>
    <DECORATED>?mcts@@YAHAAVBoard@@@Z</DECORATED>
    <FUNCLINE>337</FUNCLINE>
    <PATH></PATH>
  </DEFECT><DEFECT>
    <SFA>
      <FILEPATH>C:\Users\heinrich\Downloads\cpp-20200118T025049Z-001\cpp\</FILEPATH>
      <FILENAME>BoardTest.cpp</FILENAME>
      <LINE>457</LINE>
      <COLUMN>4</COLUMN>
    </SFA>
    <DEFECTCODE>6262</DEFECTCODE>
    <DESCRIPTION>関数はスタックの '26692' バイトを使用します: /analyze:stacksize '16384' を超えています。 データの一部をヒープに移動することを考慮してください。</DESCRIPTION>
    <FUNCTION>main</FUNCTION>
    <DECORATED>main</DECORATED>
    <FUNCLINE>457</FUNCLINE>
    <PATH></PATH>
  </DEFECT></DEFECTS>